id	created_at	retweet_count	text	user_id	user_name	user_screen_name	user_followers_count	user_listed_count	user_statuses_count	user_friends_count	user_favourites_count	user_location	user_desc	user_created_at	retweeted_status_id	retweeted_status_created_at	retweeted_status_retweet_count	retweeted_status_text	retweeted_status_user_id
1013680506137923584	2018-07-02 07:07:20	0	RT @RNeedhamnz: In Bao, the eight-minute short that precedes Incredibles 2, the animation giant is taking a bite of Chinese culture in	16029742	Vinayak Nagaraj	VNagarajNZ	358	17	665	942	125	Tashkent, Uzbekistan	Senior Country Economist for Uzbekistan @worldbank Past: @MFATgovtNZ, @nztreasury, #zambiafinmin, #bankofguyana, #odifellow	2008-08-28 17:23:41	1013657569552883712	2018-07-02 05:36:12	1	In Bao, the eight-minute short that precedes Incredibles 2, the animation giant is taking a bite of Chinese cul https://t.co/I7VjELpwfE	2277356580	
1013812156998053889	2018-07-02 15:50:28	0	@shoe0nhead I don't think the short is confusing, but I don't even understand how learning about Chinese culture wo https://t.co/zJMbHyBtBl	755723466222034945	Joey Blake	JoeyJburt	60	1	4189	447	10480			2016-07-20 11:18:09						
1014084296875937792	2018-07-03 09:51:51	0	RT @emramsden: How Reading `The Dream of the Red Mansions Can Help Understand China Today https://t.co/Jr9TtFm5cR #chineseculture HT	569793001	Hornakkan  /  	Hornakkan	351	37	10382	227	6266	France		2012-05-03 08:15:12	1014046848259158017	2018-07-03 07:23:03	4	How Reading `The Dream of the Red Mansions Can Help Understand China Today https://t.co/Jr9TtFm5cR https://t.co/wWX1prMhCM	19234485	
1013700677456023552	2018-07-02 08:27:29	0	@themountainbjj @MichaelSchuman Your observation is sharp but those events have little to do with Chinese culture p https://t.co/UlJieegt9f	882685065590910976	ukdadie	xchen62	14	0	283	42	68			2017-07-05 19:38:13						
1014145856017059840	2018-07-03 13:56:28	0	Do you know about the rich Chinese culture? https://t.co/5SGNt34PkU	704183460953354240	AskOpinion	askopinioncom	5137	59	8041	456	375	India	If you believe in the power of asking #questions and sharing #opinions, AskOpinion is the best  #online platform for you.	2016-02-29 05:56:35						
1014152344064413698	2018-07-03 14:22:15	0	The Translatability of Revolution - Guo Moruo and Twentieth-Century Chinese Culture by Pu Wang (Harvard UP, 2018) https://t.co/IGSrTnOSAW	753604249	Helen Wang	HelenWangLondon	2254	93	7521	904	860		Curator, East Asian Money, British Museum | Winner, 2017 Marsh Award | Winner, 2017 Chen Bochui Award	2012-08-12 18:55:47						
1014150738124201985	2018-07-03 14:15:52	0	The guy who sits next to me at work is from China and everyday we exchange info about American and Chinese culture https://t.co/PP5300Klya	1424312370	alexandria	driaadigun	596	1	3740	546	8707	HTX.DC	fearfully and wonderfully made#HU21	2013-05-13 00:50:11						
1014161710691672064	2018-07-03 14:59:28	0	imagine if the Philippines fully adopted Chinese culture and we became the Republic of Kalupaan or something and th https://t.co/vAcX8SIZ3M	583535749	basura	jkvsaavedra	230	8	1486	1106	8428	Darujhistan	writes and does the anime glasses push; waiting for the sunrise  	2012-05-18 06:36:52						
1014268669545738240	2018-07-03 22:04:29	0	RT @BirdingBeijing: DID YOU KNOW? The first known reference to the BEIJING SWIFT in Chinese culture dates back more than 3,000 years! One o	14075966	Debby Ng	torvaanser	656	45	6531	618	575	Singapore	Ecologist and photojournalist straddling seas  and summits . National Geographic Explorer. Founder of http://pulauhantu.sg and #HimalayanMuttProject	2008-03-04 02:56:34	1014122806307459072	2018-07-03 12:24:53	12	DID YOU KNOW? The first known reference to the BEIJING SWIFT in Chinese culture dates back more than 3,000 years! O https://t.co/4cEtJ0RoRp	596252588	
1014198113073074177	2018-07-03 17:24:07	0	'FACE' IN THE CHINESE CULTURE https://t.co/ZnxQ53gsmo	34868017	Jodee Lim	nihaohello	39881	730	45979	10364	668	Singapore	Learn #Chinese vocabulary and #mandarin via Twitter! You will learn a new word every day. #languages # # #duallanguage #bilingual	2009-04-24 06:36:29						
1014452686463238144	2018-07-04 10:15:42	0	RT @AdDU_AFCC: Tea is the elixir of life Lao Tzu  Tea is an integral part of Chinese Culture. Watch this video!  https://t.co/usmXIbxrLZ	3259113415	ADDU FKYC	addufkyc	118	0	252	45	266	Ateneo de Davao University	! This is the official twitter account of Ateneo de Davao's Filipino-Korean Youth Community 	2015-06-28 16:24:18	1014135890615066626	2018-07-03 13:16:52	12	Tea is the elixir of life Lao Tzu  Tea is an integral part of Chinese Culture. Watch this video!  https://t.co/usmXIbxrLZ	1429244730	
1014925027286900736	2018-07-05 17:32:37	0	RT @seunggilzine: Contributor highlight:    @crowladee  . . . Did you know: In Chinese culture, colors corresponded with the five primary	365180926	Heather	WinterSoldier95	44	0	17163	469	11077	Currently Unknown	Meow.	2011-08-31 00:23:38	1014858959675506688	2018-07-05 13:10:05	3	Contributor highlight:    @crowladee  . . . Did you know: In Chinese culture, colors corresponded with the five p https://t.co/f5Q4SxvOUc	980510930952798208	
1014898315362631683	2018-07-05 15:46:28	0	No place better to learn about Chinese culture &amp; Mandarin than China itself. Looking forward to using this new know https://t.co/3InpFSBVHh	970114292136730624	Miss Moran	MissEMoran_	51	0	8	162	41		Modern Studies Student Teacher #StrathPGDE | @stiruni graduate 	2018-03-04 01:50:45						
1014909345333514240	2018-07-05 16:30:18	0	RT @MissEMoran_: No place better to learn about Chinese culture &amp; Mandarin than China itself. Looking forward to using this new knowledge i	900447385113034757	Miss Stewart  Art & Design	MissStewart_Art	56	0	33	308	29		Art and Design Teacher at Larbert High School, Falkirk. #StrathPGDE #StrathNQT	2017-08-23 19:59:20	1014898315362631683	2018-07-05 15:46:28	1	No place better to learn about Chinese culture &amp; Mandarin than China itself. Looking forward to using this new know https://t.co/3InpFSBVHh	970114292136730624	
1014488366971097088	2018-07-04 12:37:29	0	RT @HelenWangLondon: The Translatability of Revolution - Guo Moruo and Twentieth-Century Chinese Culture by Pu Wang (Harvard UP, 2018) ht	1147748539	Wilson Chan	LeviLivy	215	10	2307	221	106	Hong Kong	An early modernist of China. History of science, artisanship, material culture and intellectual history. Fond of Chinese calligraphy and painting.	2013-02-04 11:28:55	1014152344064413698	2018-07-03 14:22:15	4	The Translatability of Revolution - Guo Moruo and Twentieth-Century Chinese Culture by Pu Wang (Harvard UP, 2018) https://t.co/IGSrTnOSAW	753604249	
1014287644526874625	2018-07-03 23:19:53	0	RT @BirdingBeijing: DID YOU KNOW? The first known reference to the BEIJING SWIFT in Chinese culture dates back more than 3,000 years! One o	931292645275721728	Lee Knuth	lee_knuth	216	11	36924	131	52751		Environment, wildlife, classical music, cats and a glass of wine with a good read.	2017-11-16 22:47:24	1014122806307459072	2018-07-03 12:24:53	15	DID YOU KNOW? The first known reference to the BEIJING SWIFT in Chinese culture dates back more than 3,000 years! O https://t.co/4cEtJ0RoRp	596252588	
1013845879336382468	2018-07-02 18:04:28	0	Jungle Fury is an amazing freaking season. The way it was influenced by chinese culture and martial arts was superb https://t.co/OcAJocq0F5	2434416579	Theta Sigma	TitaniumTigre	52	1	1398	277	711	Gallifrey	Professional Geek| She/Her or They/Them	2014-03-24 23:53:04						
1015308940899315712	2018-07-06 18:58:09	0	[Trivia] Like the rest of her team, Tenten's character seems to draw inspiration from Chinese culture.	1313150640	 1010	Tenten_NIRP	94	2	91622	23	27		{ [V] #RP @NarutoIndo_RP }  9March #TeamGuy #NIRPFamily	2013-03-29 09:14:57						
1015588885282291712	2018-07-07 13:30:33	0	Hair braiding was a significant part of Chinese culture until the end of the Qing dynasty and ranging back at least https://t.co/NFSDFUj4yi	858325203256004608	Andr	usedtobemyname	364	4	22975	134	16915		Political ranting from somewhere in the middle of the spectrum. Being hated by everybody is fun.	2017-04-29 14:20:50						
1015531345915850752	2018-07-07 09:41:55	0	In the same building you can find out about our @DMU_CI, which offers a vibrant celebration of Chinese culture. https://t.co/iiXa2fHx6X	75247404	De Montfort Uni DMU	dmuleicester	46473	483	99281	1404	46978	Leicester	Official Twitter page for DMU Leicester, a university rated as of one the UK's best for teaching excellence: http://bit.ly/2sVjP2t 	2009-09-18 10:16:18						
1015044649352859648	2018-07-06 01:27:57	0	Im actual heavy annoyed the night lit they find it disgraceful tht Chinese culture abuse and eat animals but dnt b https://t.co/iPGzdquHum	1006349876580552704	dj nogitaclue	yuptyy	427	0	356	224	1097	Glasgow, Scotland	jst saving bees man	2018-06-12 01:38:02						
1015136827823423493	2018-07-06 07:34:14	0	RT @seunggilzine: Contributor highlight:    @crowladee  . . . Did you know: In Chinese culture, colors corresponded with the five primary	69225396	CL ~	calemonsi	392	7	49755	440	61817		CL/Lany |  | sometimes art | rambles a lot | RT heavy | commissions are open | please do not repost!!!!	2009-08-27 06:57:27	1014858959675506688	2018-07-05 13:10:05	7	Contributor highlight:    @crowladee  . . . Did you know: In Chinese culture, colors corresponded with the five p https://t.co/f5Q4SxvOUc	980510930952798208	
1015542849121579008	2018-07-07 10:27:37	0	RT @ExTTTC: @saladinMY @twt_stupid In old Chinese culture, it was normal to marry in the teens. But we ought to progress with time.	188647791	Samuel John	twt_stupid	3506	58	62966	1465	261	Kuala Lumpur, Malaysia	Still highlighting stupidity for stupidity is a constant...	2010-09-09 07:03:31	1015532510447452161	2018-07-07 09:46:32	2	@saladinMY @twt_stupid In old Chinese culture, it was normal to marry in the teens. But we ought to progress with time.	1355958920	
1015473114220777472	2018-07-07 05:50:31	0	RT @wonuwish:  lasting happiness, especially in the Chinese culture.   #JUN # https://t.co/5PyQ3EzYL3	2222975544	[17's xenon]	gracenevergray	415	5	19043	1392	44355	Near a river -  in 	EN/ES/DE | crazy bitch | 21 | aroace |  bl dramas, lgbt+ books |  is my beautiful bias | mild monsta x, pristin, nct, politics & daily bs | ult:  SVT 	2013-11-30 11:53:53	949146166901354496	2018-01-05 05:10:55	16	 lasting happiness, especially in the Chinese culture.   #JUN # https://t.co/5PyQ3EzYL3	814898084404568064	
1015621403922653184	2018-07-07 15:39:46	0	@dovelydiana @Santi2Papi @wildcardnaai But that has to do with the Chinese culture and forms of punishment their go https://t.co/qal2UohqV4	1008440679029231617	Mikeee	Cafetero_mv2	367	0	895	346	2101	NJ	I Just want some pizza...God, Im really drunk	2018-06-17 20:06:08						
1015418588444758016	2018-07-07 02:13:51	0	this chinese culture w the giant dragon dancers......a mood	953585392296407040	   giveaway	starstouched	127	2	5676	91	2902	ciel  / any pronouns	 find me, my thief. @nightfey  fan account. 	2018-01-17 11:10:49						
1015382823686098946	2018-07-06 23:51:44	0	RT @adorecxk: chinese culture is when you travel with your parents to china, you need to bring the most suitcases possible and only one of	24875063	TaraGoldsmith	Best_of_Tara	21531	1061	79793	19779	10879	Planet Earth	#Travel to Learn, to Experience, to Share	2009-03-17 12:40:26	1015382709324140544	2018-07-06 23:51:17	1	chinese culture is when you travel with your parents to china, you need to bring the most suitcases possible and on https://t.co/ghv8u6TxkS	960151661258960902	
1016294894569181184	2018-07-09 12:15:59	0	Hey, according to Chinese culture, the number 8 is lucky! So if this number sticks, maybe we'll be in for some good https://t.co/rvMONxfZub	558071012	94-3 The Drive	943TheDrive	4145	77	14630	2895	2316	Winnipeg, MB	Winnipeg's Greatest Hits! #Follow us here: @TomMcGouran @Salki20 @AlixsVoice @FlyingKP @OhHiMike	2012-04-19 21:26:43						
1016290420773404672	2018-07-09 11:58:12	0	[Trivia] Like the rest of her team, Tenten's character seems to draw inspiration from Chinese culture.	1313150640	 1010	Tenten_NIRP	94	2	91752	23	27		{ [V] #RP @NarutoIndo_RP }  9March #TeamGuy #NIRPFamily	2013-03-29 09:14:57						
1016458251842478081	2018-07-09 23:05:06	0	Yao Ming is a member of the NBA Hall of Fame and is worth $300 million, but in Chinese culture, academic success is https://t.co/m9JbwPXZmQ	435045425	Trump Not My Pres	DanielW142	285	9	3087	289	6708		The USA has an illegitimate president put there with the help of a hostile foreign nation meddling in our election.	2011-12-12 16:23:18						
1016419646700863489	2018-07-09 20:31:42	0	@Viet_Gr0yper @ClayMTurner then again, I'm not that deep into the whole Chinese culture thing, and also the intrica https://t.co/GCW2EsqFfp	928273219722780674	jakkob regang 	gudboiyakkob	167	1	2396	212	10481	Iabadiu	Jesus fan account, mountain- Protestant, recovering sodomite.    	2017-11-08 14:49:16						
1016159977831108610	2018-07-09 03:19:52	0	In the Chinese culture, there's a rabbit god who manages the love and sex between homosexuals named men. Tu Er Shen.	1460380291	Vemshnub	Vemshnub	7611	175	1370237	60	0	Flat and stationary Earth	!!! FLAT EARTHER !!! The globe is actually flat + stationary - Nasa is lying  All views are my own 	2013-05-26 18:43:16						
1016041475354824704	2018-07-08 19:28:59	0	Awesome exhibition at the @World_Museum today! Chinese culture is incredible, I wish we were taught more about it a https://t.co/ICxWaJJXQl	1011873224030900224	Teri Limongi	TeriLimongi	8	0	10	25	9	Sheffield, England	Graduate @sheffieldjournalism. Making life more interesting than it is with my . Former Head of Music for @Forgetv and Video Journalist at @DeadlineDigital	2018-06-27 07:25:51						
1016304626528858112	2018-07-09 12:54:39	0	The current progress of No Money Here, being animated and produced by TCCE (Teesside Chinese Culture Exchange) https://t.co/r9h2oGGzGq	618843490	Malcolm Kenworthy	MalKPhotography	28	0	410	182	578	North East, England	Back in the UK and back to school	2012-06-26 07:39:59						
1017002508294557696	2018-07-11 11:07:47	0	[Recommended]Professional Custom Accounting: What is the role of Confucianism in Chinese culture and societytoday? https://t.co/7ABDbGms4K	876420541678268417	Firstclassessaywriters	EssaysClass	34	0	90872	68	0	United States	For First-Class Academic Help!	2017-06-18 12:45:15						
1017002500493373442	2018-07-11 11:07:45	0	RT @OfficialUnirule: Ritual in traditional Chinese culture as the embodiment of natural order. https://t.co/afaXLtcUBC	2474386051	Aleksandra Kubat	aleKubat	463	11	1759	1287	2389	London / Beijing	PhD researcher @lauchinainst @KingsCollegeLon, Visiting Fellow  Researching CCP training institutions & cadre education in traditional Chinese culture	2014-05-02 18:17:44	991183433777889283	2018-05-01 05:12:00	1	Ritual in traditional Chinese culture as the embodiment of natural order. https://t.co/afaXLtcUBC	990398338800463873	
1017110108885733376	2018-07-11 18:15:21	0	https://t.co/UjjS94auQY  S/o @chinamacmusic for this one this was a really great look into Chinese culture. I hope https://t.co/ISNMEKzMjn	859434994577666049	#FreeMaxB #FreeTax	prey4theweak	95	0	2846	619	557		Man I was who I was before I got here. Be Safe Tho. #RIPSteez	2017-05-02 15:50:45						
1017227952239435777	2018-07-12 02:03:37	0	So there was never any family tradition of practicing any Chinese culture or rituals. The closest there was to that https://t.co/9jXd39AnPN	11849832	oli r.	ohlistic	4274	142	101644	3558	10877	Metro Manila	Abogado, college of law lecturer, at pedestrian. Nagsusulat din minsan. Views are all my own and nobody else's.	2008-01-04 19:22:49						
1017292879918559232	2018-07-12 06:21:37	0	The number 8 is the luckiest number in the Chinese culture. Play @Pragmatic_Play 's #888Gold Slot and see if the l https://t.co/GlQ4Mp2o7b	985745662623887360	HappiStar Online Casino Network 	HappistarCasino	296	0	129	1170	104		Join the no. 1 mobile casino in Asia!  https://www.happistar.info/ https://www.happistar.tips/ https://www.happistar.mobi/	2018-04-16 05:04:15						
1017277168399855616	2018-07-12 05:19:11	0	RT @nick_nasti: @delittletings @TheRickWilson China is not a democracy. Chinese culture is one of compliance and endurance for the greater	800170015219556352	harris	canadeeana	911	9	59157	1135	94183	Washington, USA	Writer.thinker.reader.action-taker. Wife. mom.gramma. gardener. #TheRESISTANCE  #TRUMPPENCEOUT	2016-11-20 02:52:52	1017220644965179393	2018-07-12 01:34:35	1	@delittletings @TheRickWilson China is not a democracy. Chinese culture is one of compliance and endurance for the https://t.co/sMCJNwnhDZ	1175363791	
1017363171726778369	2018-07-12 11:00:56	0	  - The Fragrance of Rice by Hailan River - How Chinese State Television portrays Korean-Chinese Culture of https://t.co/0jm9qe7zfP	903712107287506944	Korea Reddit	KoreaReddit	28	3	4801	12	0	Korea	Korea Reddit. Automated unmonitored account posting the days top posts. Created by @namujyoon using @IFTTT. #Korea # #	2017-09-01 20:12:11						
1017367672743497728	2018-07-12 11:18:49	0	RT @ClarenceHouse: HRH admires the #KewPagoda @kewgardens, which was completed in 1762 and inspired by Chinese culture.  80 iridescent drag	2780532763	Miss botany	msprimula	303	11	12327	352	20506			2014-08-30 12:28:00	1017365638304673792	2018-07-12 11:10:44	6	HRH admires the #KewPagoda @kewgardens, which was completed in 1762 and inspired by Chinese culture.  80 iridescent https://t.co/3dAViCNmZv	208019751	
1017270922753933313	2018-07-12 04:54:22	0	@edgy_ninja I havent watched it but ive heard the songs and honestly it looks so good and a good representation of chinese culture!!	722489518062850050	nadine ||-//	lofitodoroki	2937	46	9207	394	28291	kelly faizah	Just dont do anything stupid until i get back. -@DisneyCEvans	2016-04-19 18:18:19						
1017271879571128320	2018-07-12 04:58:10	0	[Trivia] Like the rest of her team, Tenten's character seems to draw inspiration from Chinese culture.	1313150640	 1010	Tenten_NIRP	93	2	91882	23	27		{ [V] #RP @NarutoIndo_RP }  9March #TeamGuy #NIRPFamily	2013-03-29 09:14:57						
1017497738232127491	2018-07-12 19:55:39	0	RT @rootsoffight: .@BruceLee grew up in Hong Kong. After relocating to the U.S., he immersed himself in Chinese culture. He learned. He tau	120678122	Manropa	manropa	77	1	41	21	6			2010-03-07 05:56:27	1017464149087932416	2018-07-12 17:42:11	9	.@BruceLee grew up in Hong Kong. After relocating to the U.S., he immersed himself in Chinese culture. He learned. https://t.co/ODpAyOEszt	300551747	
1017485981577109505	2018-07-12 19:08:56	0	During the visit, the #UAE will celebrate Chinese culture by showing #Chinese made movies in the cinema &amp; make a sp https://t.co/EPlC9A1Oho	2950500042	Abdulla AlKhoori 	Khoorius	86	3	1534	263	1382	Your Phone's Screen	Proud Emirati. I have my own opinion like it or not. RT/likes dont mean endorsement.	2014-12-29 16:00:57						
1017468176899059712	2018-07-12 17:58:11	0	[Trivia] Like the rest of her team, Tenten's character seems to draw inspiration from Chinese culture.	1313150640	 1010	Tenten_NIRP	93	2	91908	23	27		{ [V] #RP @NarutoIndo_RP }  9March #TeamGuy #NIRPFamily	2013-03-29 09:14:57						
1017503585053995011	2018-07-12 20:18:53	0	RT @ClarenceHouse: HRH admires the #KewPagoda @kewgardens, which was completed in 1762 and inspired by Chinese culture.  80 iridescent drag	3013639482	Adrian Sung	ADRIANSYSNET	1404	1112	187979	5001	195233			2015-02-08 18:30:12	1017365638304673792	2018-07-12 11:10:44	43	HRH admires the #KewPagoda @kewgardens, which was completed in 1762 and inspired by Chinese culture.  80 iridescent https://t.co/3dAViCNmZv	208019751	
1017365974432014336	2018-07-12 11:12:04	0	RT @ClarenceHouse: HRH admires the #KewPagoda @kewgardens, which was completed in 1762 and inspired by Chinese culture.  80 iridescent drag	3001572237	Jennifer Arnhold	JenniferArnhold	21	7	2216	72	4196	Bayern, Deutschland		2015-01-27 16:23:58	1017365638304673792	2018-07-12 11:10:44	2	HRH admires the #KewPagoda @kewgardens, which was completed in 1762 and inspired by Chinese culture.  80 iridescent https://t.co/3dAViCNmZv	208019751	
1017367152842584064	2018-07-12 11:16:45	0	RT @ClarenceHouse: HRH admires the #KewPagoda @kewgardens, which was completed in 1762 and inspired by Chinese culture.  80 iridescent drag	826706990	Old Grey Rabbit	OldGreyRabbit	1249	16	43494	3254	117384	Australia	2014 NRL Premiers!!!!!!  SOUTH SYDNEY TILL I DIE!!!!!!	2012-09-16 07:49:45	1017365638304673792	2018-07-12 11:10:44	4	HRH admires the #KewPagoda @kewgardens, which was completed in 1762 and inspired by Chinese culture.  80 iridescent https://t.co/3dAViCNmZv	208019751	
1017865947875401728	2018-07-13 20:18:47	0	RT @CTSHorizons: Mount Emei in Sichuan Province  https://t.co/UVWuKxtM5w Is one of the most sacred Mountains in Chinese culture #Ch	940877441245044736	Dragon Wong	DragonWong2024	55	3	2557	172	5653	The largest continent, ASIA	Love  forever, my ancestors' great land, ingrained in heart, her music, cultures, values, philosophy, diverse ethnicities No place for separatists!! 	2017-12-13 09:33:57	995998311772557312	2018-05-14 12:04:36	11	Mount Emei in Sichuan Province  https://t.co/UVWuKxtM5w Is one of the most sacred Mountains in Chinese cult https://t.co/emGvB7Gb1L	2841070127	
1017812313871667200	2018-07-13 16:45:40	0	@giouwu_ Idk who this is but hes in his feels rn. Im listening to the Chinese culture and I can hear the heartbre https://t.co/aBMmYbHHwa	780587916758163456	joel limas	joel_limas1	208	2	1157	185	692	Mercedes, TX	                                      	2016-09-27 02:00:36						
1017730538914934786	2018-07-13 11:20:43	0	@sincerelysofi this reminded me how we read multiple papers in class about the concept of losing face in chinese culture	3805920394	antonia	femalehysteric	270	3	679	186	2961	somewhere in former yugoslavia	murderous seductress in an ikea	2015-09-28 17:20:56						
1018057057058951168	2018-07-14 08:58:11	0	[Trivia] Like the rest of her team, Tenten's character seems to draw inspiration from Chinese culture.	1313150640	 1010	Tenten_NIRP	93	2	91986	22	27		{ [V] #RP @NarutoIndo_RP }  9March #TeamGuy #NIRPFamily	2013-03-29 09:14:57						
1018053282227412993	2018-07-14 08:43:11	0	RT @Akatsukiyukijs: Then you realized 4 is not a good number in Chinese culture so you stayed up longer until you get 8mins https://t.co/UU	181514525	Janie	YJ_eollie	101	6	16039	467	12191	Greater Vancouver, British Columbia	UBCSFO  TPE  VANCITYTY_TRACK 	2010-08-22 11:42:48	1017917791406419968	2018-07-13 23:44:48	1	Then you realized 4 is not a good number in Chinese culture so you stayed up longer until you get 8mins https://t.co/UUHFgmk8fv	824946146049003522	
1017931970385342465	2018-07-14 00:41:08	0	today is the 14th and in Chinese culture 4 is a really unlucky number YIKESn!!!!	703740039503716353	jessica	aduItrio	277	21	45853	268	17591		@Iostwoods 	2016-02-28 00:34:35						
1017921560194060288	2018-07-13 23:59:46	0	@cataprog @BillyArmagh Yeah,  it does. They dismissed and corrected a statement from actual members of the Chinese culture.	963561135990489088	Im not a Horse	Im_not_a_Horse1	112	1	1513	748	17		Older than I've ever been	2018-02-13 23:50:51						
1017850223295512576	2018-07-13 19:16:18	0	a pretty brutal passing had occurred here previously which is like a rly bad omen esp in chinese culture, yet the g https://t.co/faqmQoFUVV	621693279	pug rt bot	alpacasus	630	6	48936	693	17027	150824 150926 // 150902	pug & sookyeom haksaeng fanpage	2012-06-29 05:55:46						
1017701183324995584	2018-07-13 09:24:04	0	@DouglasTodd Most in the Chinese culture does emphasize the value of hard work, financial success and educational https://t.co/AgNXYXq6zH	2270231251	Bill Chow	billchow747	94	3	2245	49	1604	Richmond, B.C.,Canada	PC Technician: Hardware Repair, George Brown College. Accountant:   B.Comm, UBC. Ex-Canadian Army. Grew up in Vancouver, Worked in Toronto.	2013-12-31 11:01:51						
1018271310621937667	2018-07-14 23:09:33	0	RT @DurhamCatholic: DCDSB students are learning about Chinese culture at the Water Village, Chinese Market and acrobatic show! #DCDSBSummer	2165746514	Durham Catholic PIC	DCPIC	554	13	2389	222	228	Durham Region, Ontario	Durham Catholic Parent Involvement Committee (formerly known as Regional Council) est. 1998	2013-10-31 00:57:19	1018270810384019457	2018-07-14 23:07:34	1	DCDSB students are learning about Chinese culture at the Water Village, Chinese Market and acrobatic show! https://t.co/gXAqWMnDrB	299734448	
1018966264973352960	2018-07-16 21:11:03	0	Wow. They just included a sideswipe at Americans who confuse Japanese and Chinese culture. That may be the best thing about this movie.	46240270	John Kearney	JK1440	792	76	31301	924	5828	UK	Drinks (coffee), shoots (bows), and (kicks through) leaves. #techcomm #comics #liberallefty	2009-06-10 22:10:26						
1018842226833518593	2018-07-16 12:58:10	0	[Trivia] Like the rest of her team, Tenten's character seems to draw inspiration from Chinese culture.	1313150640	 1010	Tenten_NIRP	93	2	92090	23	27		{ [V] #RP @NarutoIndo_RP }  9March #TeamGuy #NIRPFamily	2013-03-29 09:14:57						
1018388257246023682	2018-07-15 06:54:15	0	The traditional Chinese-language education Malaysia allowed Chinese culture continue to https://t.co/VTkHzEQBG4	727507382536798209	RABBI SOJON SOJAN	sojanmia_sojan	217	1	72566	697	1669			2016-05-03 14:37:31						
1018545542203183109	2018-07-15 17:19:15	0	@evergreeeeennn Cause it has fighting plus self defense elements &amp; ancient Chinese culture! Can learn bout one or t https://t.co/itUxE742Zg	997608684	zxcvbnm	nur__hidayah	148	0	14514	844	15688	Earth	kit teng te 	2012-12-08 17:34:34						
1018714212795932674	2018-07-16 04:29:29	0	How is Chinese culture an integral part of Los Angeles? The last time I checked. The Hollywood hills was full of go https://t.co/MqCE6v3Tap	946833068547035136	nothankyou	1hellogoodbye3	0	1	18	101	4			2017-12-29 19:59:29						
1019093939880677376	2018-07-17 05:38:23	0	RT @XHNews: The 38th Los Angeles Lotus Festival was held over the weekend. This year it is honoring China and the vibrant Chinese culture w	912551536990896128	Afwan Ahmad	AfwanAhmad3	137	2	12830	149	13206	Uttar Pradesh, India	Indian Athletes Sports Cricketers and Commentators Sports News,	2017-09-26 05:36:55	1018676300301598721	2018-07-16 01:58:50	27	The 38th Los Angeles Lotus Festival was held over the weekend. This year it is honoring China and the vibrant Chine https://t.co/ofWnCrX7zT	487118986	
1019284420870668288	2018-07-17 18:15:17	0	The magic of numbers in the Chinese culture https://t.co/dYO9IyVOZ0 #China #Travel https://t.co/HbHPLOv5z3	24875063	TaraGoldsmith	Best_of_Tara	21392	1055	81020	19784	11101	Planet Earth	#Travel to Learn, to Experience, to Share	2009-03-17 12:40:26						
1019424784701181953	2018-07-18 03:33:03	0	RT @FaithTheology Somehow I think Chinese culture might have a higher estimation of the value of scholarship... https://t.co/b58RRx3nbk	727112303355658240	Edna Davidsen	EdnaDavidsen	13450	40	4858	14180	2674	Start Connecting Stop Pitching.	I follow back  #Christian #Blogger #ChristianAffiliateMarketing long-form content, writer, avid reader. I love to retweet! #GainWithEdna #EdnasTwitterTips	2016-05-02 12:27:37						
1019506168010551297	2018-07-18 08:56:26	0	1989 was the year of the snake. In Chinese culture, the Snake is the most enigmatic animal among the twelve zodiac https://t.co/m3W27738sn	938459825826156547	M Molotov	MMolotov3	2	0	290	17	594			2017-12-06 17:27:13						
1019538028296069120	2018-07-18 11:03:02	0	RT @pearlxugarling: just throwing this out there, but would a casaul-style youtube channel dedicated to chinese culture (ex. food, language	984111142686650369		khaosmaze	119	0	10124	367	27082			2018-04-11 16:49:15	1019453286431113216	2018-07-18 05:26:18	1	just throwing this out there, but would a casaul-style youtube channel dedicated to chinese culture (ex. food, lang https://t.co/p3QhM0HdIM	982321968551571456	
1019234817878024192	2018-07-17 14:58:11	0	[Trivia] Like the rest of her team, Tenten's character seems to draw inspiration from Chinese culture.	1313150640	 1010	Tenten_NIRP	93	2	92142	23	27		{ [V] #RP @NarutoIndo_RP }  9March #TeamGuy #NIRPFamily	2013-03-29 09:14:57						
1019453286431113216	2018-07-18 05:26:18	0	just throwing this out there, but would a casaul-style youtube channel dedicated to chinese culture (ex. food, lang https://t.co/p3QhM0HdIM	982321968551571456	 | xuxu	pearlxugarling	351	6	2840	177	2445	California, USA	Zhu Zhengting  | Wang Linkai  @fyidolproducer @YuehuaSubs @NinePercentSubs and lilbao on ao3	2018-04-06 18:19:42						
1019694702533206016	2018-07-18 21:25:36	0	In the Chinese culture, there's a rabbit god who manages the love and sex between homosexuals named men. Tu Er Shen.	1460380291	Vemshnub	Vemshnub	7087	174	1382292	59	0	Flat and stationary Earth	!!! FLAT EARTHER !!! The globe is actually flat + stationary - Nasa is lying  All views are my own 	2013-05-26 18:43:16						
1019833466374897664	2018-07-19 06:37:00	0	I don't mind this but there are differences between Japanese culture and Chinese Culture Japan is fun and cool And https://t.co/BTRz88iQp6	892240398738898944	Sdermalm	Som_sir	169	2	982	92	446		Creepypasta/Stick man/Furry/OFF chinese//EN is ok you can call me Sdermalm/ Please don't repost my art without permission. like Rook music/RPGgame	2017-08-01 04:27:42						
1019730772771520513	2018-07-18 23:48:56	0	@J_Prestoo This is definitely a problem in Chinese culture as well! There's so much obsession with staying out of t https://t.co/ydoURrbDRx	1727858929	Sonya Wong	sonyawongg	164	2	6176	112	33524		we could be kings of the world | look around, look around at how lucky we are to be alive right now | UCI '20	2013-09-04 06:42:30						
1019879748888014848	2018-07-19 09:40:55	0	The Yellow Emperor, the earliest ancestor of Chinese culture. The exact address of Huangdi Mausoleum is in Huanglin https://t.co/QX8lQ8S60M	872332082	Xian Holidays Travel	xiantravel	17	1	336	12	16	Xian, China	Xian Holidays is a proactive travel organization in Xian tourism industry for the last 15 years.	2012-10-10 18:58:01						
1019886091384573952	2018-07-19 10:06:07	0	Im loving the Chinese Culture  https://t.co/VWI4JjGlDy	700821830	#SSRIONARLEY	RioNarley	13714	43	3926	12190	9852	Myrtle Beach, SC	Hip Hop/Soul Hippie Artist/business owner  Features/Bookings/Contact: soulsurferzsc@gmail.com Snapchat: @rionarley  Business inquires: DM ME! 	2012-07-17 10:37:41						
1020357389596483584	2018-07-20 17:18:53	0	RT @BabaKristian: Looking for some new materials for classes on religion, Islam, or Chinese culture? I wrote a book _Interpreting Islam in	518815347	Dr Eram Ashraf	eramash	710	42	12924	805	20037		PhD International Relations, Swansea I am interested in International security, identity, social psychology and China	2012-03-08 19:51:25	1020326101208522754	2018-07-20 15:14:33	7	Looking for some new materials for classes on religion, Islam, or Chinese culture? I wrote a book _Interpreting Isl https://t.co/0OsBJlPQM8	315675025	
1020361126520000513	2018-07-20 17:33:44	0	RT @BabaKristian: Looking for some new materials for classes on religion, Islam, or Chinese culture? I wrote a book _Interpreting Islam in	2543038029	CRCS at Purdue	CRCS2020	301	6	1526	182	18	USA	Center on Religion and Chinese Society	2014-05-12 13:56:02	1020326101208522754	2018-07-20 15:14:33	8	Looking for some new materials for classes on religion, Islam, or Chinese culture? I wrote a book _Interpreting Isl https://t.co/0OsBJlPQM8	315675025	
1020668875401322497	2018-07-21 13:56:37	0	@whitepridelee Smh. Right, but that has nothing to do with average IQ. Chinese culture was such that learning could https://t.co/hgrz1aH4Ta	1000346004468649984	A man has no name	Amanhas50935590	102	2	1724	160	13560		I come here to vent. Youd probably like me IRL.	2018-05-26 12:00:47						
1020584343444512768	2018-07-21 08:20:43	0	RT @NabeelAzeezDXB: In Chinese culture, a dragon is a group working in unison toward a shared objective, human or otherwise.  Cernovich i	18118720	Joe of #DFCNation	DIZeLAN_Slayer	736	42	22652	1530	6127	Azusa, CA	HIT Exercise Specialist. Food-obsessed SoCal native. #FatKidCity Recess & LANparty Advocate. :P	2008-12-14 16:49:26	1020539943146409984	2018-07-21 05:24:17	58	In Chinese culture, a dragon is a group working in unison toward a shared objective, human or otherwise.  Cernovi https://t.co/Tf2SZafLdL	2283799285	
1020571689414021121	2018-07-21 07:30:26	0	RT @NabeelAzeezDXB: In Chinese culture, a dragon is a group working in unison toward a shared objective, human or otherwise.  Cernovich i	19370504	Alexander J.A Cortes	AJA_Cortes	37392	620	45926	652	101556	San Diego, CA	Writer, PT, dancer: Teaching people and companies the tools to better tell their Story. Sign up for my newsletter, Optimize your Mentality\Physicality #GG33	2009-01-22 23:50:48	1020539943146409984	2018-07-21 05:24:17	52	In Chinese culture, a dragon is a group working in unison toward a shared objective, human or otherwise.  Cernovi https://t.co/Tf2SZafLdL	2283799285	
1020699225401667585	2018-07-21 15:57:13	0	RT @NabeelAzeezDXB: In Chinese culture, a dragon is a group working in unison toward a shared objective, human or otherwise.  Cernovich i	2187004668	Mary M.	MaryMiggins1	1	0	446	23	86	United States		2013-11-10 19:35:42	1020539943146409984	2018-07-21 05:24:17	89	In Chinese culture, a dragon is a group working in unison toward a shared objective, human or otherwise.  Cernovi https://t.co/Tf2SZafLdL	2283799285	
1020542778164510725	2018-07-21 05:35:33	0	RT @NabeelAzeezDXB: In Chinese culture, a dragon is a group working in unison toward a shared objective, human or otherwise.  Cernovich i	1019082963349368832	Z. Fuchs	ZyroFuchs	48	0	720	140	240	USA	American by birth, Texan by the Grace of God! America First! Have a problem with it, why are you here? Not here, clean up your own mess.  We have the server!	2018-07-17 04:54:46	1020539943146409984	2018-07-21 05:24:17	7	In Chinese culture, a dragon is a group working in unison toward a shared objective, human or otherwise.  Cernovi https://t.co/Tf2SZafLdL	2283799285	
1020545231316488192	2018-07-21 05:45:18	0	RT @NabeelAzeezDXB: In Chinese culture, a dragon is a group working in unison toward a shared objective, human or otherwise.  Cernovich i	800566809959153664	Roth Enbo	RothEnbo	37	0	18421	86	1650			2016-11-21 05:09:36	1020539943146409984	2018-07-21 05:24:17	25	In Chinese culture, a dragon is a group working in unison toward a shared objective, human or otherwise.  Cernovi https://t.co/Tf2SZafLdL	2283799285	
1020566928572731392	2018-07-21 07:11:31	0	RT @NabeelAzeezDXB: In Chinese culture, a dragon is a group working in unison toward a shared objective, human or otherwise.  Cernovich i	3053907618	Settle Your Dust	FangsOfFate	1042	34	16584	1735	9387		Others are sharp; I am dull. Others have purpose; I don't know...I am different from ordinary people. I drink from the Great Mother's breasts. Lao Tzu	2015-03-01 22:58:40	1020539943146409984	2018-07-21 05:24:17	51	In Chinese culture, a dragon is a group working in unison toward a shared objective, human or otherwise.  Cernovi https://t.co/Tf2SZafLdL	2283799285	
1020641889299525632	2018-07-21 12:09:23	0	RT @NabeelAzeezDXB: In Chinese culture, a dragon is a group working in unison toward a shared objective, human or otherwise.  Cernovich i	59135012	Kathy	katsil1	144	1	4556	190	14717			2009-07-22 14:10:48	1020539943146409984	2018-07-21 05:24:17	71	In Chinese culture, a dragon is a group working in unison toward a shared objective, human or otherwise.  Cernovi https://t.co/Tf2SZafLdL	2283799285	
1020556560400113664	2018-07-21 06:30:19	0	RT @NabeelAzeezDXB: In Chinese culture, a dragon is a group working in unison toward a shared objective, human or otherwise.  Cernovich i	2411474370	Michael	Michael2014abc	2048	101	423134	4998	346172		You'll be surprised how I feel on different issues. Love stay-at-home moms, science, politics, physicians. Rad Onc MD. Add me to a list? Auto block,	2014-03-25 20:05:51	1020539943146409984	2018-07-21 05:24:17	44	In Chinese culture, a dragon is a group working in unison toward a shared objective, human or otherwise.  Cernovi https://t.co/Tf2SZafLdL	2283799285	
1020391179202985985	2018-07-20 19:33:09	0	A third person in this fascinating story: Traditionally, Chinese culture sees men as more valuable than women. Bef https://t.co/Mo9Xibzyku	15988175	Doris N. Truong	DorisTruong	5479	365	28052	333	4349	Washington, D.C.	@WashingtonPost homepage editor, @AAJA 2011-12 president, #mediadiversity crusader, #tweats exploress, pro-#bacon,  lady, will cross street to pet 	2008-08-25 22:05:55						
1020413606070976512	2018-07-20 21:02:16	0	Only in America will u find white people obsessed with chinese culture to the point that their home is a chinese sh https://t.co/4Elq5xlR3l	933168371704717312	Loquita	hydeyopryde	133	0	1683	247	3831	West Chicago, IL	Yes them my titties papi	2017-11-22 03:00:52						
1020475505571553280	2018-07-21 01:08:14	0	RT @chinascio: A #China-themed book show is taking place in #Johannesburg to promote better understanding of the Chinese culture and develo	744139547361976321	GoodHunan	HunanofChina	4282	22	118006	17651	5	Changsha city,Hunan, China	Follow #GoodHunan to know more the travelingstudyingworkingliving information in Hunan province of China.	2016-06-18 12:07:48	1020117940534775808	2018-07-20 01:27:24	2	A #China-themed book show is taking place in #Johannesburg to promote better understanding of the Chinese culture a https://t.co/osgpgIgrBM	3508175477	
1020544032177467392	2018-07-21 05:40:32	0	RT @NabeelAzeezDXB: In Chinese culture, a dragon is a group working in unison toward a shared objective, human or otherwise.  Cernovich i	1016560038796668928	Commiepunch	echomike001	38	0	350	99	517	United States	Law&order, #Oathkeepers #VeteranOIF #MAGA #America 	2018-07-10 05:49:34	1020539943146409984	2018-07-21 05:24:17	18	In Chinese culture, a dragon is a group working in unison toward a shared objective, human or otherwise.  Cernovi https://t.co/Tf2SZafLdL	2283799285	
1020563736484966400	2018-07-21 06:58:50	0	RT @NabeelAzeezDXB: In Chinese culture, a dragon is a group working in unison toward a shared objective, human or otherwise.  Cernovich i	22420053	connie_widman	conniewidman	1172	0	10679	1459	9869		Love President Trump	2009-03-01 23:10:10	1020539943146409984	2018-07-21 05:24:17	48	In Chinese culture, a dragon is a group working in unison toward a shared objective, human or otherwise.  Cernovi https://t.co/Tf2SZafLdL	2283799285	
1020592094711296000	2018-07-21 08:51:31	0	RT @NabeelAzeezDXB: In Chinese culture, a dragon is a group working in unison toward a shared objective, human or otherwise.  Cernovich i	861705381189496835	Ingo Overton	IngoOverton	4185	7	63415	4254	67819	New York City	Support @Whitehouse #MAGA #Draintheswamp expose lies of #FakeNewsMedia collusion w/deepstate, Marxist academia, & crony kapital using #HegelianDialect 4 NWO	2017-05-08 22:12:27	1020539943146409984	2018-07-21 05:24:17	61	In Chinese culture, a dragon is a group working in unison toward a shared objective, human or otherwise.  Cernovi https://t.co/Tf2SZafLdL	2283799285	
1020567515850829824	2018-07-21 07:13:51	0	this is @China #Chinese #culture??? In other words they are a nation of sadists?  https://t.co/21aEFJn4a5	629711211	ruth	ruthtaka	17383	358	138826	17127	33575	N	Japanese American martial artist, pro-animal rights also pro-life, & no, there's No contradiction, so dont go there. assimilate & prosper. 	2012-07-07 20:42:20						
1020542181906395136	2018-07-21 05:33:11	0	RT @NabeelAzeezDXB: In Chinese culture, a dragon is a group working in unison toward a shared objective, human or otherwise.  Cernovich i	757607643619799040	California Edge	CAEdge	3399	6	30817	3080	28958	Belly of the Beast, CA, USA	Tweeting from the belly of the beast, seeking the inside edge of the , to make both California & keep America great. #WWRRD Hey kids, get off my zero-scape!	2016-07-25 16:05:12	1020539943146409984	2018-07-21 05:24:17	3	In Chinese culture, a dragon is a group working in unison toward a shared objective, human or otherwise.  Cernovi https://t.co/Tf2SZafLdL	2283799285	
1020941685512077312	2018-07-22 08:00:40	0	@SaadAmjad_ Yin and yang food is the balance of hot and cold nature of food in Chinese culture too. Maybe an Asian thing.	46348524	Awais Salman	ovaissalman	246	13	9280	418	1722		Most of the tweets are RTs	2009-06-11 08:52:39						
1021306829375090690	2018-07-23 08:11:37	0	It's 2018 now but western people still don't know what's the difference between Chinese culture and Japanese cultur https://t.co/gUtIwH7FI2	2230378423		mothen666	124	1	5237	290	7523		 / English OK / SW/ kylux	2013-12-04 19:12:22						
1021628964178198528	2018-07-24 05:31:40	0	Retweeted Beijing Chinese Medical Center (@BChineseMedCtr):  In the Chinese culture, San Fu Tian  means the op https://t.co/ZmAxvHnIXH	231687014	Bernie Soon-MFT, SEP	EMDRnow	1127	39	3433	1617	1134	Los Angeles, CA	Los Angeles based Body-Oriented Psychotherapist specializing in EMDR, Somatic Experiencing and Brainspotting for treatment of symptoms due to trauma.	2010-12-29 05:38:37						
1021554012032647169	2018-07-24 00:33:50	0	@realscientists Is the whole hot/cold dichotomy only found in Chinese culture? I always struggle with explaining https://t.co/4A0CAa39sc	74978286	Tiffany	tasdj	168	3	3538	840	3626	Sydney	Scientist by day, but big tv and sports fan 24/7	2009-09-17 10:06:37						
1021642327444533248	2018-07-24 06:24:46	0	I can never forgive PRC for their crimes against Chinese culture. What they tried to do was unconscionable by most https://t.co/EexdVsZnn1	14205646	Snarky Platypus	SnarkyPlatypus	2320	142	237454	488	1289	The Ivory Tower of Snark	The Monotremification of the Zeitgeist. Identity politics, geopolitics, Australian politics, women's basketball and tennis, pop music. He/him	2008-03-24 05:06:42						
1020624263949307909	2018-07-21 10:59:21	0	Whether you know anything about Chinese culture or you just love opera. If I can make you cry...I have succeeded. https://t.co/oQdh04LBqW	425637833	IC Hong Kong	IC_HongKong	365	10	1218	336	310	Hong Kong	Intimacy of Creativity - The Bright Sheng Partnership: Composers Meet Performers in Hong Kong  - /	2011-12-01 07:30:40						
1021528791707996160	2018-07-23 22:53:37	0	The Yulin Dog Meat Festival is part of Chinese culture and should not be ended like some people wish. It is not one https://t.co/zSbYkNRr1Z	784067052663365632	Basically Basic	MillerMan118	0	0	14	16	8		Basic	2016-10-06 16:25:27						
1021170085585489920	2018-07-22 23:08:15	0	In the Chinese culture, San Fu Tian  means the optimum growth period during Summer. In this post, discover the https://t.co/1O4pTHiHBf	957368556680708096	Beijing Chinese Medical Center	BChineseMedCtr	23	0	70	24	156	1930 11th Street Santa Monica, CA 90404	Acupuncture & Traditional Chinese Medicine (TCM) center established in 1991 by Dr. Baolin Wu OMD LAc in Santa Monica, CA	2018-01-27 21:43:45						
1021764549362544640	2018-07-24 14:30:26	0	Paul Ryan says we have a problem with cheese exports to China along with beef? Um... Chinese culture doesn't really https://t.co/hqnrOHfjcY	2411808078	Kurtis Edwards	cartokurtis	2418	14	18908	1442	9922	Ann Arbor, MI	Human rights are important to me with ESCR being the most interesting. Conflict scholar (MA Diplomacy) Advocate nonviolence. I am part of LGBTQ. Website below.	2014-03-26 01:20:44						
1021809172495577088	2018-07-24 17:27:45	0	In Chinese culture 9x9x9 has the meaning of renewal... try this  doTERRA and  Oleum wirh essential https://t.co/Z66vSV1L3M	1010437019019948032	doTERRA Oleum	DoterraOleum	2	0	26	10	17	Lisboa, Portugal	leos essenciais substncias aromticas encontradas nas flores, ervas, frutas e especiarias #oleum #doTERRAeurope #doTERRAportugal #doTERRA #doTERRAoils	2018-06-23 08:18:53						
1021954546950524929	2018-07-25 03:05:25	0	because like of course it's an obvious symbol of chinese culture and wearing it out-of-context in the west is inapp https://t.co/3SUFqbPubD	423082299	sabriel	yungkarp	293	4	16727	618	25392	unreal city	these fragments I have shored against my ruins	2011-11-28 02:13:35						
1021838683719315456	2018-07-24 19:25:01	0	Black Tied takes on the lesser known gods with barely a nod at the major players, and adds in Chinese culture for https://t.co/vfB9ykiXc6	710405335136075776	All Author	allauthor	11300	254	58704	11295	104		http://allauthor.com Official account. #Amwriting #BookReview #Books #Reviews #Authors #GreatReads #Writer #Quotes #Fiction #Reading #Kindle #Promo #eBook	2016-03-17 10:00:05						
1022137355434524672	2018-07-25 15:11:50	0	Trump started it and US is now going to end up with a worse deal than you had. Watch and see. Chinese culture is th https://t.co/y68rRJ8bDN	1525261140	MarilynCanada	mroadhome	773	1	6141	96	4052	British Columbia, Canada		2013-06-17 16:36:42						
1021772778645671938	2018-07-24 15:03:08	0	RT @MadiseDeekay: South Africa is set to introduce Mandarin in public schools, SA children will then be socialized into Chinese culture but	72931059	4D Shaangane...	NoChill4D	45191	164	253055	22685	1430	Pretoria, South Africa	#BeardGang  #TsongaConda	2009-09-09 19:37:34	1021727812124852225	2018-07-24 12:04:27	1	South Africa is set to introduce Mandarin in public schools, SA children will then be socialized into Chinese cultu https://t.co/rADdo4tItE	4924194820	
1022388057461280769	2018-07-26 07:48:02	0	To know China better and taste Chinese culture! Students of the Confucius Institute in different countries get a fl https://t.co/VCqry0B4kI	723056817685721088	China-India Dialogue	ChinaIndiaD	190	10	1691	383	9		We're a magazine focusing on society, business and culture between the two countries. Write in to us at chinaindiadialogue@gmail.com	2016-04-21 07:52:33						
1022146109525745664	2018-07-25 15:46:37	0	RT @MichiganChina: Whether you know anything about Chinese culture or you just love opera. If I can make you cry when you go to the opera,	1255144328	Oregon ArtsWatch	orartswatch	3121	101	11040	1887	162	Portland, Oregon	Oregon Arts & Culture News  Independent, In-Depth, Reader-Supported	2013-03-09 19:06:15	1022109225902858240	2018-07-25 13:20:03	2	Whether you know anything about Chinese culture or you just love opera. If I can make you cry when you go to the o https://t.co/6uP3ZiD6aR	22835696	
1022417669780393984	2018-07-26 09:45:42	0	My family is the beneficiary of Chinese culture revolution. So I am not that against Mao Ze Dong. In my eye , most https://t.co/RzlJsmefJo	245082346	Small Potato	JianzhenJaneXie	20	0	671	67	45			2011-01-30 20:57:30						
1022497214541844480	2018-07-26 15:01:47	0	@nancywyuen Thank you so much Nancy! Our story was an homage to Chinese culture &amp; fable (the ambition of The Pearl https://t.co/k0ihMSShgA	250831586	Dwayne Johnson	TheRock	12725392	31547	21932	249	145		Chivalrous gentleman.. just add fine tequila.	2011-02-11 22:14:10						
1022668325166436357	2018-07-27 02:21:43	0	@xuetingni You are doing a great job spreading your knowledge and understanding about Chinese culture and more.   M https://t.co/dKXS5Ybxhs	123428914	Kin F. Kam	DrKinKam	2440	153	19310	2486	12637	Yorkshire, England; HK (Born).	Cheeky & Curious. Engrossed by Geopolitics, China & Technology. A Blood Brother; author of 'Blood, Dragons & Lions' - a migrant story with a twist.	2010-03-16 02:27:46						
1023135701553082368	2018-07-28 09:18:54	0	RT @rmill314: @MlKEHEADLY It wasn't even about Chinese culture? The story was just told through an Asian woman 	315249659	Rhett Miller #BBN	rmill314	503	2	9233	523	7918		Don't tell me the sky is the limit when there are footprints on the moon. @austynpiccioli #BBN	2011-06-11 15:11:51	1012049765905944577	2018-06-27 19:07:21	4	@MlKEHEADLY It wasn't even about Chinese culture? The story was just told through an Asian woman 	315249659	
1022928888111005698	2018-07-27 19:37:06	0	RT @AWMAsince1972: A big happy birthday to the legendary man who is credited to bringing MMA to mainstream Chinese culture and for being on	20410268	Bob Tompkins	combatsportlife	7241	460	38885	6599	6969	Mahomet Illinois	Owner/Chief Instructor Team Transcend Martial Arts. Retired pro fighter. #travelblogger #influencer/#brandambassador #cte #tbi	2009-02-09 02:38:41	1022927102495154183	2018-07-27 19:30:00	1	A big happy birthday to the legendary man who is credited to bringing MMA to mainstream Chinese culture and for bei https://t.co/ByM6FlPQvJ	34979135	
1023077634941407233	2018-07-28 05:28:10	0	[Trivia] Like the rest of her team, Tenten's character seems to draw inspiration from Chinese culture.	1313150640	 1010	Tenten_NIRP	94	2	92636	23	27		{ [V] #RP @NarutoIndo_RP }  9March #TeamGuy #NIRPFamily	2013-03-29 09:14:57						
1022748130964516864	2018-07-27 07:38:50	0	Do you like Chinese culture,and do you like The Chinese calligraphy  https://t.co/FlA0mm0nBD	1020654894888304640		CRTYJgTDxTglXWG	1	0	11	6	4	The People's Republic of China		2018-07-21 13:01:04						
1023314180869242880	2018-07-28 21:08:07	0	ESL Teaching Jobs: Come work and experience Chinese culture with EPE English in Chengdu, home of the pandas https://t.co/YZ2dj8M2bQ	139035448	Total ESL	totalesl	3010	70	31911	13	0		http://TotalESL.com - First Stop for Your Second Language Needs - We are an ESL EFL TEFL TESOL resource for Asia, the Middle East, Europe and worldwide!	2010-05-01 10:33:14						
1023224922104123392	2018-07-28 15:13:26	0	RT @xuetingni: Bao tells its story through one of the major facets of #Chinese culture  #food, demonstrating at different stages of its	3178333705	David Pontious	DavidPontious	1589	57	32397	344	26982	Baltimore	umd  2020 | political science major | future lawyer | city forever | baltimore born & raised | see what im reading: https://getpocket.com/@davidpontious	2015-04-28 14:42:18	1023223074026663937	2018-07-28 15:06:06	2	Bao tells its story through one of the major facets of #Chinese culture  #food, demonstrating at different stage https://t.co/WVc3dfL4ft	170456392	
1022681210013794304	2018-07-27 03:12:55	0	We have been trying to dis  seminate Chinese culture to all   over the world.  Address: 607, 25F Shenglong Plaza(Bl https://t.co/F5n2EJlHmr	1022325329359249408	kong	bigrise02	3	0	49	22	36			2018-07-26 03:38:47						
1023472595964911618	2018-07-29 07:37:36	0	For the pragmatic and utilitarian Chinese culture, the Gospels response is a God that is concerned with EVERY part https://t.co/8j1SOgToe8	71020190	ChinaSource	ChinaSourceOrg	1483	46	6042	532	229		A window into Christianity in China and the key issues that impact the church.	2009-09-02 17:22:54						
1023621648853782528	2018-07-29 17:29:53	0	[3/5] Traditional Chinese culture has it too, but perhaps due to the Cultural Rev. and the rush to redevelop, those https://t.co/0HiJy3vTL2	2090831	william lai	wlai	995	59	16508	557	10992	seattle, washington	Lifelong learner, entrepreneur, investor; I can barely influence myself. Cofounder @8ninths, trailblazer of AR/VR. Emmy winner. ex-MSFT. Student of crypto, ML.	2007-03-24 07:27:13						
1023628796170313728	2018-07-29 17:58:17	0	RT @ChinaDailyUSA: Xi'an is one of the oldest cities in China. Youll never regret visiting the city for its authentic Chinese culture. #Tr	14153640	matthew olsen	mjolsen	27	1	1380	50	20	illinois		2008-03-15 17:42:31	1023599279372349440	2018-07-29 16:01:00	44	Xi'an is one of the oldest cities in China. Youll never regret visiting the city for its authentic Chinese culture https://t.co/GocVe1Bxdi	87775422	
1023207587293143040	2018-07-28 14:04:33	0	@sunbohannihao @MuslimIQ You mean the Red Guard during the Cultural Revolution destroyed Chinese Culture and killed https://t.co/lELJoyegP1	26816620	Stephen Kent Gray	otakuproxy	1463	111	75224	4989	67702	Gary, Lake County, IN, USA	CPU_Tiara_Hyperdevotion is my Twitch/YouTube name and CPU_Tiara_HD is my Discord name. I use this account for politics and otaku stuff.	2009-03-26 18:47:07						
1023820794454048768	2018-07-30 06:41:13	0	RT @ChinaDailyUSA: Xi'an is one of the oldest cities in China. Youll never regret visiting the city for its authentic Chinese culture. #Tr	3974662755	Andani Yakubu	abybest11	561	2	82504	526	66815	Ghana		2015-10-16 21:09:20	1023599279372349440	2018-07-29 16:01:00	147	Xi'an is one of the oldest cities in China. Youll never regret visiting the city for its authentic Chinese culture https://t.co/GocVe1Bxdi	87775422	
1023806554644967425	2018-07-30 05:44:38	0	RT @ChinaDailyUSA: Xi'an is one of the oldest cities in China. Youll never regret visiting the city for its authentic Chinese culture. #Tr	2283479719	JIMMY	JimmeeZa	89	0	2417	578	8853		IG:JIMMEE_JADSADA	2014-01-09 11:52:42	1023599279372349440	2018-07-29 16:01:00	134	Xi'an is one of the oldest cities in China. Youll never regret visiting the city for its authentic Chinese culture https://t.co/GocVe1Bxdi	87775422	
1023575880264835073	2018-07-29 14:28:01	0	--- Tango and Chinese Music  --- #Humanscity #tango #chineseculture #Fusion   The best dance and music for https://t.co/ZZ3epJCay2	918326715579068417	HU MAN	Humanscity	7	0	78	15	30	Canada	Film/3D/Advertising Production  Art Gallery: Paintings $ Chinese Traditional Art	2017-10-12 04:05:25						
1023760912157761536	2018-07-30 02:43:16	0	RT @ChinaDailyUSA: Xi'an is one of the oldest cities in China. Youll never regret visiting the city for its authentic Chinese culture. #Tr	938367220744425472	@CourtneyFolk	courtneydfolk	216	3	2468	1576	2370		I tweet what I am thinking about at the moment.	2017-12-06 11:19:14	1023599279372349440	2018-07-29 16:01:00	107	Xi'an is one of the oldest cities in China. Youll never regret visiting the city for its authentic Chinese culture https://t.co/GocVe1Bxdi	87775422	
1023672735434715137	2018-07-29 20:52:53	0	@ChinaCrisisNow No respect for animals or the environment in #chinese culture. This is why it's constant https://t.co/mq4t3KVvDr	282204781	Adriane P	AdrianePetunia	304	11	5884	299	22342	Chicago, IL	I LOVE DOGS! vegan animal advocate	2011-04-14 19:17:04						
1023702418746499072	2018-07-29 22:50:50	0	RT @ChinaDailyUSA: Xi'an is one of the oldest cities in China. Youll never regret visiting the city for its authentic Chinese culture. #Tr	224401856	Susan proud Horttor	skyblue204	409	15	25467	1944	123	texas	I live to learn	2010-12-08 22:34:11	1023599279372349440	2018-07-29 16:01:00	75	Xi'an is one of the oldest cities in China. Youll never regret visiting the city for its authentic Chinese culture https://t.co/GocVe1Bxdi	87775422	
1023693279215276032	2018-07-29 22:14:31	0	RT @jjhorgan: Beautiful day in #Burnaby for the Chinese Cultural Heritage Festival. It's an incredible celebration of Chinese culture and t	15032359	Tynan Phillips	ShyChemist	1694	187	60138	2229	12787	Kamloops, BC, Canada	Enviro. Chemistry Major at Thompson Rivers University. Science, world news, personal life. Follow my Canadian Politics twitter @allthecdnpoli.	2008-06-06 20:57:06	1023678758509731840	2018-07-29 21:16:49	10	Beautiful day in #Burnaby for the Chinese Cultural Heritage Festival. It's an incredible celebration of Chinese cul https://t.co/hPYWzjDFdr	232427887	
1022858029266554880	2018-07-27 14:55:32	0	Bright red color everywhere in Chinatown, Manhattan as red is the good luck and power color in Chinese culture. https://t.co/w7y3hewMWe	213278551	Alex Chan	photochan2511	121	45	8216	88	544	NYC	freelanced photographer in a city of thousands if not hundred of thousands of photographers!	2010-11-08 13:47:20						
1023707430587326464	2018-07-29 23:10:45	0	RT @ChinaDailyUSA: Xi'an is one of the oldest cities in China. Youll never regret visiting the city for its authentic Chinese culture. #Tr	914650400350859265	Jane	Jane96458906	8	0	699	105	555			2017-10-02 00:37:03	1023599279372349440	2018-07-29 16:01:00	78	Xi'an is one of the oldest cities in China. Youll never regret visiting the city for its authentic Chinese culture https://t.co/GocVe1Bxdi	87775422	
1023606968479621120	2018-07-29 16:31:33	0	RT @ChinaDailyUSA: Xi'an is one of the oldest cities in China. Youll never regret visiting the city for its authentic Chinese culture. #Tr	39262018	Alex Cunningham	alexcunn	523	30	5454	2007	1009	Itapetininga, Brasil	The personal twitter of a Pine Chemicals Industry Consultant, amateur astronomer , trying to understand how things work...	2009-05-11 14:34:59	1023599279372349440	2018-07-29 16:01:00	17	Xi'an is one of the oldest cities in China. Youll never regret visiting the city for its authentic Chinese culture https://t.co/GocVe1Bxdi	87775422	
1023638744660885507	2018-07-29 18:37:49	0	RT @ChinaDailyUSA: Xi'an is one of the oldest cities in China. Youll never regret visiting the city for its authentic Chinese culture. #Tr	206807606	Jameson Kooper	davros6999	719	8	11000	3339	257	Ontario, Canada	A Poet, Singer (occasional songwriter), sometimes actor and storyteller and voice artist.  Oh did I mention a giant Dr Who fan!	2010-10-23 19:34:58	1023599279372349440	2018-07-29 16:01:00	53	Xi'an is one of the oldest cities in China. Youll never regret visiting the city for its authentic Chinese culture https://t.co/GocVe1Bxdi	87775422	
1023636622431199233	2018-07-29 18:29:23	0	RT @ChinaDailyUSA: Xi'an is one of the oldest cities in China. Youll never regret visiting the city for its authentic Chinese culture. #Tr	755757951835447302	Confucius Institute U.S. Center	CIUSCenter	300	4	714	547	467	Washington, DC	A non-profit educational institution in Washington D.C fostering U.S.-China cultural exchange.  Follows, RTs  endorsements.	2016-07-20 13:35:11	1023599279372349440	2018-07-29 16:01:00	51	Xi'an is one of the oldest cities in China. Youll never regret visiting the city for its authentic Chinese culture https://t.co/GocVe1Bxdi	87775422	
1023599863622119426	2018-07-29 16:03:19	0	RT @ChinaDailyUSA: Xi'an is one of the oldest cities in China. Youll never regret visiting the city for its authentic Chinese culture. #Tr	1021709876022497280	Lord Foul's Bane	JessicaWarne3	19	1	918	249	298	Sacramento, CA	Loudmouth Lawyer	2018-07-24 10:53:11	1023599279372349440	2018-07-29 16:01:00	3	Xi'an is one of the oldest cities in China. Youll never regret visiting the city for its authentic Chinese culture https://t.co/GocVe1Bxdi	87775422	
1023524693003788288	2018-07-29 11:04:37	0	@XHNews The people around them seems dont even care.. or even notice the problem.. why? Chinese culture?	82285433	kruddy	famoy	58	2	6666	66	3257			2009-10-14 05:36:30						
1023614292057370624	2018-07-29 17:00:39	0	RT @ChinaDailyUSA: Xi'an is one of the oldest cities in China. Youll never regret visiting the city for its authentic Chinese culture. #Tr	260095141	Ruel  Jaen	sugimura_boy	70	0	58	393	90	Dubai International Airport	foldingbike lovers  financial literacy  gadget fanatics instagramer cyclist enthusiast vintage lovers anything under the sun time is gold	2011-03-03 05:35:22	1023599279372349440	2018-07-29 16:01:00	30	Xi'an is one of the oldest cities in China. Youll never regret visiting the city for its authentic Chinese culture https://t.co/GocVe1Bxdi	87775422	
1023880626020048898	2018-07-30 10:38:58	0	RT @ChinaDailyUSA: Xi'an is one of the oldest cities in China. Youll never regret visiting the city for its authentic Chinese culture. #Tr	752137897193508865		xIoihpXn7YLqy7I	13	2	709	44	6			2016-07-10 13:50:23	1023599279372349440	2018-07-29 16:01:00	167	Xi'an is one of the oldest cities in China. Youll never regret visiting the city for its authentic Chinese culture https://t.co/GocVe1Bxdi	87775422	
1023852385935011841	2018-07-30 08:46:45	0	RT @ChinaDailyUSA: Xi'an is one of the oldest cities in China. Youll never regret visiting the city for its authentic Chinese culture. #Tr	1002371971827556352	Rommel	Rommel73400076	72	1	13310	107	13109			2018-06-01 02:11:16	1023599279372349440	2018-07-29 16:01:00	157	Xi'an is one of the oldest cities in China. Youll never regret visiting the city for its authentic Chinese culture https://t.co/GocVe1Bxdi	87775422	
1023674013875425280	2018-07-29 20:57:58	0	#Chinese #culture = torture &amp; kill #animals &amp; shit all over earths environment including on Land &amp; Sea. #China so-c https://t.co/H5B2PIRKAk	826561290848059393	Jeremy Taylor	ChinaCrisisNow	412	4	3224	270	2970	Manhattan, NY	Freedom Fighter	2017-01-31 22:42:23						
1023868622366810115	2018-07-30 09:51:16	0	RT @ChinaDailyUSA: Xi'an is one of the oldest cities in China. Youll never regret visiting the city for its authentic Chinese culture. #Tr	949249549591248898	edgar bolivar	edgarbo63957770	165	0	16914	139	11727	Ciudad Bolivar, Venezuela		2018-01-05 12:01:43	1023599279372349440	2018-07-29 16:01:00	162	Xi'an is one of the oldest cities in China. Youll never regret visiting the city for its authentic Chinese culture https://t.co/GocVe1Bxdi	87775422	
1023789265573105664	2018-07-30 04:35:56	0	RT @ChinaDailyUSA: Xi'an is one of the oldest cities in China. Youll never regret visiting the city for its authentic Chinese culture. #Tr	951114892848893952	Luisa Josefa Mndez Cordero	luisajosefamend	164	2	6600	470	5269	Panam	Cualquier destino, por largo y complicado que sea, consta en realidad  de un solo momento: el momento en que el hombre sabe para siempre quin  es.   JLB.	2018-01-10 15:33:56	1023599279372349440	2018-07-29 16:01:00	125	Xi'an is one of the oldest cities in China. Youll never regret visiting the city for its authentic Chinese culture https://t.co/GocVe1Bxdi	87775422	
1023806151639556096	2018-07-30 05:43:02	0	RT @jjhorgan: Beautiful day in #Burnaby for the Chinese Cultural Heritage Festival. It's an incredible celebration of Chinese culture and t	357100957	Jerrison Oracion	JerrisonOracion	204	10	9339	2213	4103		I am a person that is smart. I like to do my homework, play on the computer, watch movies and read books. I'm also a Senior Columnist in The Other Press.	2011-08-17 21:07:18	1023678758509731840	2018-07-29 21:16:49	25	Beautiful day in #Burnaby for the Chinese Cultural Heritage Festival. It's an incredible celebration of Chinese cul https://t.co/hPYWzjDFdr	232427887	
1023701030075215872	2018-07-29 22:45:19	0	RT @ChinaDailyUSA: Xi'an is one of the oldest cities in China. Youll never regret visiting the city for its authentic Chinese culture. #Tr	1513883888	DiorGirl	DiorIzzy	542	4	45900	571	37250	Greatest Country on Earth	Mom, Wife, Daughter, Sister, Physician, Immigrant. Views are my own. Live Boldly! Live Well! Live! Add me to lists = blocked 	2013-06-13 16:44:14	1023599279372349440	2018-07-29 16:01:00	74	Xi'an is one of the oldest cities in China. Youll never regret visiting the city for its authentic Chinese culture https://t.co/GocVe1Bxdi	87775422	
1023743552021352448	2018-07-30 01:34:17	0	RT @ChinaDailyUSA: Xi'an is one of the oldest cities in China. Youll never regret visiting the city for its authentic Chinese culture. #Tr	280412457		richuyun	19	0	2227	11	1227			2011-04-11 08:29:17	1023599279372349440	2018-07-29 16:01:00	97	Xi'an is one of the oldest cities in China. Youll never regret visiting the city for its authentic Chinese culture https://t.co/GocVe1Bxdi	87775422	
1023748761200148480	2018-07-30 01:54:59	0	RT @ChinaDailyUSA: Xi'an is one of the oldest cities in China. Youll never regret visiting the city for its authentic Chinese culture. #Tr	1000492626	jayakasturimuhamad	jayakasturimuha	117	26	6650	578	8	SABAK BERNAM SELANGOR.MALAYSIA		2012-12-10 00:04:28	1023599279372349440	2018-07-29 16:01:00	102	Xi'an is one of the oldest cities in China. Youll never regret visiting the city for its authentic Chinese culture https://t.co/GocVe1Bxdi	87775422	
1023757171039694848	2018-07-30 02:28:24	0	RT @ChinaDailyUSA: Xi'an is one of the oldest cities in China. Youll never regret visiting the city for its authentic Chinese culture. #Tr	244561663	EARVIN	thetvlr_	155	7	9480	758	7313	Orange County	The TVLR Company Founder & CEO @TheTVLRCOMPANY                Always travel to make that blood flowing.  .                          #thetvlr	2011-01-29 16:01:46	1023599279372349440	2018-07-29 16:01:00	105	Xi'an is one of the oldest cities in China. Youll never regret visiting the city for its authentic Chinese culture https://t.co/GocVe1Bxdi	87775422	
1023767002341666816	2018-07-30 03:07:28	0	RT @ChinaDailyUSA: Xi'an is one of the oldest cities in China. Youll never regret visiting the city for its authentic Chinese culture. #Tr	568458612	jeener s. acosta c.	SYiner	528	2	6542	1360	59	Venezuela	Soy paraguanero con mucho orgullo, cristiano, medico, deportista y chavista, defendiendo el legado de Bolvar y Chavez	2012-05-01 17:14:20	1023599279372349440	2018-07-29 16:01:00	109	Xi'an is one of the oldest cities in China. Youll never regret visiting the city for its authentic Chinese culture https://t.co/GocVe1Bxdi	87775422	
1023908039655612416	2018-07-30 12:27:54	0	RT @ChinaDailyUSA: Xi'an is one of the oldest cities in China. Youll never regret visiting the city for its authentic Chinese culture. #Tr	1017673626601033728	yashwant sharma	yashwan23123127	9	0	401	24	399			2018-07-13 07:34:34	1023599279372349440	2018-07-29 16:01:00	176	Xi'an is one of the oldest cities in China. Youll never regret visiting the city for its authentic Chinese culture https://t.co/GocVe1Bxdi	87775422	
1023742339804798979	2018-07-30 01:29:28	0	RT @ChinaDailyUSA: Xi'an is one of the oldest cities in China. Youll never regret visiting the city for its authentic Chinese culture. #Tr	243944758	Sebastien Wingate	DominicanBash	2735	47	291766	962	23638	Queens,New YorkHTXATL	Knicks/#FreeMaxB 147th & 231st Free Hawk Free Pudge Free Killa gum R.I.P Josh,B.I.P Slugg, Pasadena Denver LaneAKTIVE	2011-01-28 04:24:22	1023599279372349440	2018-07-29 16:01:00	96	Xi'an is one of the oldest cities in China. Youll never regret visiting the city for its authentic Chinese culture https://t.co/GocVe1Bxdi	87775422	
1023913748417982465	2018-07-30 12:50:35	0	[Recommended]Homework Help-Explain the significance of bronze in Early Chineseculture. https://t.co/1HzZYDuhUp	876420541678268417	Firstclassessaywriters	EssaysClass	35	0	105737	68	0	United States	For First-Class Academic Help!	2017-06-18 12:45:15						
1024182486509789184	2018-07-31 06:38:27	0	RT @ChinaDailyUSA: Xi'an is one of the oldest cities in China. Youll never regret visiting the city for its authentic Chinese culture. #Tr	705529960010752000	George Higgins	George_Higgins1	44	0	81	255	193	Harrogate / Newcastle 	Product Design Engineering Student 3rd Year	2016-03-03 23:07:05	1023599279372349440	2018-07-29 16:01:00	202	Xi'an is one of the oldest cities in China. Youll never regret visiting the city for its authentic Chinese culture https://t.co/GocVe1Bxdi	87775422	
1024210420398206976	2018-07-31 08:29:27	0	This is the reason why green is a sensitive color in Chinese culture. https://t.co/RglL1gtzou #learnchinese #learnmandarin #chineselanguage	998550519726587904	HLC	hlearnchinese	4	0	2177	17	0	Hong Kong	Share messages about learning Chinese.	2018-05-21 13:06:10						
